index, quote,Author index
1,"live everyday like its your last, because one day it will be",1
2,"you know whats pissing me off? That your teeth are still in yout mouth",2
3,"Nuclear warfare is like two men standing in a pool of gasoline, one with 5 matches, the other with two",1
4,"we are all evil in some form or anothers, are we not?",4
5,"if it doesn't open, it's not your door",6
6,"people change, hell even satan used to be an angel",7
7,"if you get hung up on the idea of responding quickly, the idea of quickness will be, itself, a form of obstruction",3
8,"the only difference between a rut and a grave is the depth of the hole",5
